group,x1,x2,y,split
A,2.057e+04,4.636e+07,3.822e+05,train
A,1466,4.636e+07,8624,train
A,789.7,4.636e+07,3363,train
A,3052,4.636e+07,2.419e+04,train
A,3.85e+04,4.636e+07,1.078e+06,train
A,6.053e+04,4.636e+07,2.213e+06,train
A,2140,4.636e+07,1.323e+04,train
A,1.111e+04,4.636e+07,1.589e+05,train
B,5.701,2109,336.2,train
B,7.64,2109,483.6,train
B,1.759,2109,50.6,train
B,3.739,2109,146,train
B,2.622,2109,96.33,train
C,4.924,2605,218.8,test
C,1.574,2605,39.63,test
D,3.406,1.084e+04,50.86,test
D,16.2,1.084e+04,548.9,test
D,3.862,1.084e+04,68.2,test
D,7.193,1.084e+04,167,test
D,5.14,1.084e+04,101.9,test
D,48.32,1.084e+04,2853,test
D,2.436,1.084e+04,34.56,test
E,0.1347,16.58,12.03,train
E,0.3215,16.58,46.64,train
F,6.08,4.639e+04,67.09,train
F,14.95,4.639e+04,257.7,train
F,9.13,4.639e+04,130.2,train
F,25.83,4.639e+04,631.5,train
G,5.04,140.4,1008,test
